time,station,SO4,NO3,NH4,Cl,Na,K,Ca,Mg,OC,EC,Al,Si,Fe,Zn,Pb,Mn,Cu,V,Ni,As,Cd,Cr,Co,Se,Ba,Sr,Ti,levoglucosan
2024-01-01,站点A,272.19765299024704,155.56443173959008,91.5205345049826,19.82524566596672,6.8649631341810595,11.99760943179322,28.622879453866574,7.231874361552581,107.58198584576051,38.587741738846056,43.25365096705202,128.31924789810822,30.468743418841267,3.4275555732693146,1.798734132756142,2.1644319590190015,1.3068990535306133,2.2982844811001897,1.0159536936153142,2.027416563194749,0.27219690387234596,0.43891091819458977,0.19871311686405024,0.3986059324383649,1.1262956727705509,0.27047675745734645,2.2690018243076673,0.8976094685671364
2024-01-02,站点A,128.50614245078546,113.15854865251096,49.03544743727778,13.597831282047052,7.213731846388454,9.209140454965635,32.34417974639916,9.22478406997127,135.58437824208852,71.15963222547033,35.71851266306561,81.20277506847542,30.57385788773832,4.861552987542963,1.6375382014857531,2.8417350887925044,2.722931813688653,1.2407406903366909,1.047832330950055,0.9413957209392005,0.2220713187158992,0.33633928834449844,0.10242680947117193,0.24694652251760776,2.1725148598101653,0.34191390515833503,2.789527569994763,0.5140228923785104
2024-01-03,站点A,281.2417178116088,143.21528318176593,102.93122332516988,23.137679194863317,9.225920873897376,18.375757547359132,36.44840671986492,10.257663207198853,155.99543078747007,58.60751388605267,58.43870383678323,137.46983264937825,38.33153026510029,3.6681369763757665,2.0322890475461355,2.155022523772837,1.726195139008166,2.3949388275575476,1.0919004759183113,1.5253931833271221,0.286196094706393,0.4540722068502195,0.18860304926465002,0.47537286404747336,1.413099531021715,0.30954651313999615,3.413174824959145,1.1426436671005922
2024-01-04,站点A,314.0842814861111,233.89612691542948,97.74511837539023,14.776059186512299,7.570131403313898,12.016173935638976,19.33056497873438,6.306683541738329,150.80877436946196,93.9915908954855,14.104116516205156,33.45440521593252,11.207270123735483,4.96845177710854,1.9270180916252673,1.651531228950737,3.3056336735810166,0.8800650475376249,1.032789657438148,0.48954716297404977,0.17632210928681788,0.22762668063842964,0.10300936475368068,0.1624225503523786,2.000975050687415,0.26163112363906316,1.5971696338600538,0.45041563868053325
2024-01-05,站点A,220.07722567598947,140.55716727263243,80.57612785952827,12.492620801334727,9.886314677717719,12.158010859101724,67.31189473332172,13.348265000965053,95.27754560976801,40.702380469012034,44.93426078984423,103.12301092142883,28.133087367823215,2.8300146968856605,1.5043738025519877,2.212968775878921,1.3795480342970696,1.0952186646411897,0.7361513891023354,0.7140833651898293,0.1660435037734773,0.27040244604607944,0.10455699721381144,0.19161303356239423,1.2838763493698715,0.4553315733884049,3.0169270854518313,0.4982678736026101
2024-01-06,站点A,331.04746334871305,218.79435709167507,116.05078486503011,14.298924544998167,6.2822141267043845,10.983229711154761,17.18001643300334,6.569736189030771,130.45858712061417,31.01643945836761,19.645101558164882,67.18336238521337,19.358362160054796,2.5542117875100834,1.2034868644008336,1.2899844617984815,0.8412903952827501,1.0297762634976695,0.5869041832317058,0.5926383331601771,0.20645082253891484,0.27458688047789526,0.11310663472865902,0.22442383009192873,0.8468981553974636,0.19417356565234983,1.7074574525133472,0.5424614623102735
2024-01-07,站点A,226.62057463394441,124.8568937186763,59.38397882376188,13.03385494159128,6.364854479620029,9.69245272546377,30.94740844318378,7.748640405899863,71.34639441983701,24.68562110084675,29.65225746218318,72.62402201853646,18.866951750817634,2.130880632005772,1.230470355496887,1.219514425594253,0.7603551896876415,1.490507840602153,0.5460419220332545,0.7913269157606114,0.1437098200250592,0.23565683296394788,0.12233136339975928,0.2871067483685887,0.8728276189621825,0.31232877513953106,2.285598838677951,0.633710706170118
2024-01-08,站点A,171.11296325886184,94.43708792075002,52.270043849894655,10.382762809697613,4.86761789489635,7.0598298931955545,24.957000433353624,7.1910190304483415,74.1222484610779,27.51002473419202,28.721286212560525,65.39097529526053,20.36254867201351,1.7217765714534983,1.0978034902596157,1.3503736341590038,1.0228682421442905,1.195242556090867,0.46394684750229426,0.7591887971981789,0.13998586852659384,0.19361127646139142,0.08978700088714649,0.17891623100646428,0.7766416470076025,0.2768724016808766,1.9576268845708054,0.40703106260111893
2024-01-09,站点A,133.37672786072463,49.93910114929348,33.141635272668616,9.736588407372304,3.7787934922663955,5.527113589355279,18.9983147116426,5.137197377110231,60.287463866055994,26.657934762308223,25.628317550589312,73.8341169047423,17.344519704480366,1.7860405183894976,1.0268444138375374,1.3806399690244793,1.0066246197964717,1.2008582115570183,0.5194807040260212,0.7490510938937855,0.13454256364814104,0.2086778899586175,0.08823063410946581,0.21664640289002426,0.6421629498523379,0.168185063599186,1.689112045895164,0.3927547049273248
2024-01-10,站点A,311.75498348473656,209.2682143736788,134.4596875106949,14.622737151590556,11.038958536535214,15.346553771643178,32.216658660896634,8.789657006806085,220.35747783744702,105.57115564743887,27.492794446967455,71.96705318715705,26.658860708212714,5.946104639682668,2.5212519298000617,2.8111467197218776,4.135597126880988,1.2599887681030524,1.5010540946946542,1.2033284925970822,0.22817487385496138,0.38120032909978363,0.18130752644268944,0.324586630141591,2.60911376784158,0.4041293854504493,2.658754443292111,0.6696505744382145
2024-01-11,站点A,244.88936647652872,113.00907176544244,80.01960553120695,18.85106081748448,6.132516322821528,11.534544046818066,32.83138106973576,8.77840646982186,78.39650288435723,33.969072602040114,41.95314414090104,123.84207544025934,34.16254239463446,2.7023308200379224,1.8041972173619916,1.6528224923260129,1.0252983565226486,2.097022563399242,0.7818970310572015,1.4064825573440598,0.24840920791336085,0.27620694833061354,0.1472667861699665,0.39249507590293703,0.9801103615214406,0.3140414777636563,2.4942443875457805,0.7932109928867576
2024-01-12,站点A,116.22003807008792,63.19721003568486,41.70767130874744,8.51755328791666,4.337922779826081,6.942713996687741,13.085149416513092,4.150157107603433,108.91549216388069,49.79289339110441,13.342379611714923,42.18669071657182,14.385899160369991,3.3907950392638875,1.1123942036761643,1.902396017106039,1.9591777285682535,0.81463774806426,0.6823221588268866,0.5935389823130777,0.15110256283850998,0.21904280174489674,0.08318356529425193,0.15953243337089335,1.1462541729916569,0.1690508999205856,1.3433887899391828,0.30249784734634777
2024-01-13,站点A,108.0279751126782,79.6084274369922,56.166572880792174,4.633188559246587,2.5709759726791974,4.839254058160135,5.795046448888964,1.7129530469147927,51.55092050370974,10.03422019442281,3.6024734311749227,9.397198084536816,2.8602082145946395,0.8885026674901239,0.2955264977942981,0.34592400175447496,0.4515375633315417,0.1016384553560421,0.13142307644992898,0.10152459112674601,0.05137251666901646,0.05463577581145263,0.026627192223968924,0.04654954689153853,0.24533556508411095,0.07515980821176935,0.43342292825637313,0.1139221835685136
2024-01-14,站点A,319.6588355277424,172.8542418398272,98.16418330102853,13.328552820285159,5.450899111668248,9.512709013460618,20.264198003522143,6.364299066410811,101.93964437042862,20.7588992190762,18.89658123094916,64.48301758037104,21.473508985837928,2.0307070824343185,1.1470173287949617,1.0578321364556547,0.6442395263063352,1.265093309112825,0.5200709774285364,0.8840013713996501,0.20324796905259493,0.29182285760898813,0.11154096947533294,0.30445549377060094,0.6998437934448629,0.16818177178455823,1.4264204632603734,0.401794850156616
2024-01-15,站点A,380.45813445618404,188.8302693297623,93.977526855279,28.90277067685291,11.565318749100644,15.483999926167924,60.55213199098559,14.830506322736627,203.5709473899251,75.73851481796521,65.94104745665057,186.03999385956465,43.01883197955308,5.760128782804608,3.378608320834608,3.0164567997708422,3.2927854681325575,3.724863291589855,1.7727991172471076,2.3333999278242032,0.36671253561439254,0.6773876485854603,0.2849210377478306,0.693885024838009,3.07038632587262,0.5501824190883002,3.969226984486324,1.0868022083728763
2024-01-16,站点A,112.28685791456776,91.2105675100601,41.220923551874684,6.443011655552806,3.721512215108056,5.91974641019541,13.987123296397312,4.496242809952983,67.48606991870946,34.64050575274941,11.4315735479572,28.77792683542213,8.57442051083755,1.968901774824414,0.7439909071752051,1.0483697535129093,1.25611096689044,0.4155924250313416,0.5296947990414468,0.3254987812464875,0.08622324081174532,0.1301301193345278,0.04550483164267738,0.07470686729292764,1.0484659239040273,0.13935716254248579,1.2354754188396468,0.23108217700112754
2024-01-17,站点A,231.07717156542216,112.18261112210935,53.89077073618012,17.709209985211338,6.600226926926049,11.887140596818465,30.841741699041528,7.908649572601468,102.37843821928418,35.89681494437938,42.082543678122406,110.66622943764959,30.237272862602694,2.6608853860110724,1.5749769629021397,1.592670424934481,1.065768895277364,2.1004131738569067,0.8093286185546746,1.3363817677034187,0.24233944232823768,0.41978874232632307,0.16288486624532472,0.33583612247510075,0.9163047645152421,0.3421057313452757,2.8280410802537848,0.7403696561210391
2024-01-18,站点A,222.13582285990327,97.81862775840273,53.2466359419318,14.432429984808492,7.284762122284867,12.529099590162417,45.335384373573824,10.613744167660043,154.59604044150262,70.03770972161314,55.34488197935058,173.0707397265751,34.98599966003126,4.890872299471649,2.0230638750066516,3.3003539080732365,2.403137510575453,2.3320833971367043,1.235545373490822,1.5633088125637984,0.2522772101439944,0.3742213359847882,0.16709914497651132,0.35769566602941627,2.016376053330106,0.3557852926200825,4.189030292774445,0.8053643590877285
2024-01-19,站点A,114.81342026027569,63.2330833215805,44.92993712291718,6.20567789077633,2.8032539785735917,5.338734479878435,13.317420393761736,3.977342224764203,47.373798426135025,15.078941771668115,10.309797683506796,31.49399625787896,9.81223516747487,1.133556695539386,0.5411751447687064,0.729814687949011,0.6102481214989582,0.3804248969487481,0.2779287005613245,0.2948067987670128,0.08546991696102625,0.10919402867973449,0.04476661613900116,0.09366412103178691,0.45542531040656137,0.11810842026417417,1.039572545204593,0.19659245237934686
2024-01-20,站点A,578.4646147613486,462.827876296467,275.00811900187006,19.722046698001247,12.727570216890909,20.570156188771268,21.921677564038294,8.22640780111023,196.99066276717645,23.315984182848165,14.919407317671109,35.5122273275795,10.446299692364555,2.3631735145694552,1.2613407414189715,0.9073990683035668,1.072467057786294,0.4146003102733214,0.422143328514047,0.3533046664028271,0.1936317778259446,0.22545520212299217,0.09197741034934712,0.1948445752305482,0.6719289341986325,0.273606413308746,1.8513308040730614,0.4510111686639401
2024-01-21,站点A,117.11173421085171,45.19435481681867,25.205678165302476,12.608759925455669,5.254544788460213,8.52107694837964,29.48447294358105,7.908678665825666,67.12675280839562,42.13321359693478,36.13907419357567,99.4461779351282,29.310466324238295,2.701429953819741,1.460242826199651,1.6366854742367416,1.265775020207329,2.0294114278539785,0.7212845444730163,1.1561608984375586,0.19332293341557608,0.37087494035202184,0.13688206410700046,0.2966716634582554,0.9925379687404314,0.21319472393478328,2.3396496500683486,0.7152357557393778
2024-01-22,站点A,279.90237647864086,169.35630288473257,97.25919758519639,17.19231631450563,5.703575367180601,11.573820651018282,26.924433832953902,8.91493940297916,96.87056302537802,31.21568924903684,38.701877709682414,112.84392172303926,30.805895482420965,3.0237357366378856,1.4232002062709153,1.6123371861025155,0.8736125684737025,1.9793258702341359,0.7065371876948736,1.2255778974800333,0.20763826387138512,0.36157506491588665,0.14390756628899315,0.3861869456543536,0.9584077366472038,0.26616972963431607,2.396939603029524,0.599313222803818
2024-01-23,站点A,128.69981876293681,94.26288029511454,55.89335007133439,8.335052529329603,4.576524308295509,6.756862207128337,18.077500801064613,5.6516674263210955,96.9832805448296,42.08368260406899,14.75523195210158,48.94024134054034,11.377644788727,2.6059994875875345,1.0446576734276223,1.3402423359914148,1.8348714059073818,0.5749096344814926,0.6457705518348543,0.33597517740783234,0.09733326284093542,0.15147642320974372,0.062048099965945396,0.10195732124948,1.116456639506532,0.17101803602397367,1.2897373008224793,0.28238213234237186
2024-01-24,站点A,91.61757266636454,55.31719291657596,38.84768953261155,3.2465372430117303,2.2954486755578962,3.6125113600984093,9.273931477506512,1.8369993493743082,34.2771982441907,6.894923961559606,7.80284594031808,19.924633142834754,5.757193098037876,0.7751072419346264,0.3552173725255537,0.39056170193204864,0.28082255965120784,0.2758362819500392,0.1285173343887132,0.1723932751801938,0.04665060730944247,0.06444220189314281,0.030948333715134613,0.05666733428690175,0.19751288760968327,0.07821702365815833,0.5643287201247568,0.11650705245011525
2024-01-25,站点A,336.64578672739816,262.7904099608109,149.92041682650773,14.133552861435456,6.9275021334166995,11.467867809667366,12.857958838598769,5.965345521799097,88.28832712438741,19.49918407943201,11.755403835655825,35.65138495999486,9.612836706195663,2.061293360247428,0.8755782158842386,0.793208369013068,0.7019868927051255,0.6251020671253436,0.29952630175291367,0.5564685581415794,0.13543697067962798,0.20004999740972604,0.10239752353067082,0.19032107104190885,0.5032171088565942,0.17959433030969518,1.3665300754078689,0.39113645466706903
2024-01-26,站点A,109.8942212006057,63.65764223736308,33.86077704316617,7.02428533418471,3.8531357867272984,5.82665033816944,16.07410835516578,4.158103288743349,73.89264176103872,33.978336004835526,15.810417062592728,44.52105064131662,12.510964138642686,2.1156545038150303,0.8475160448681692,1.104097008633887,1.4624282350608726,0.7149938761157185,0.4692058862770002,0.4967008492090283,0.10456308827362096,0.14604974139155869,0.06801797411596484,0.13335334607177995,0.9749014849251436,0.18141604830057528,1.079089884527678,0.2913202838444221
2024-01-27,站点A,215.9645426970298,196.46812764363077,111.40737980890844,8.795930372723456,3.746505703208547,8.536862953117069,11.72209975928675,3.5453109366061293,79.39509825476114,11.47953461407712,9.636636498873983,23.2022971857429,7.260969315717511,1.119087472730829,0.5826931274904218,0.41230031143410495,0.487406490289019,0.24438383648273856,0.179618977576115,0.2451063212958384,0.10002276791681934,0.1072739186535159,0.04872379526867972,0.11233227130776013,0.3362931558762864,0.12525317950034015,0.952887723969286,0.2003466413616598
2024-01-28,站点A,328.0031118181504,160.81137791147952,117.08751079651611,15.445559623741147,9.336904538530222,15.074827433706272,33.703840448335164,10.05914797630732,135.86667187516295,43.53336271425686,24.586089686203575,75.19302569451636,20.19178067616109,3.7218953596829762,1.5112769048214454,1.7372423564170185,1.6963605617014714,0.8097502315601541,0.7429919409612108,0.6063284650671686,0.17992543124846674,0.26779095340888315,0.1016830173620547,0.2059065435154159,1.3866236752601975,0.29683091972650905,2.2699324528337765,0.4061157211110848
2024-01-29,站点A,305.49406536710615,188.37793606976237,108.80143013288681,14.629036739034351,8.262570369333083,11.324124463674336,30.352269547294934,8.466614816296342,127.21879638717765,46.426665264054165,22.917365934550418,67.46326547365396,14.582644484306215,3.2579456273257095,1.424417533654762,1.4077035297230183,1.6566731119192077,0.663424784472849,0.49762634386511917,0.517095668122254,0.16488987885853504,0.2124438036484229,0.08259673158957849,0.16810942068885243,1.553253744546003,0.24989665884573478,1.8037237643843906,0.3372054110065254
2024-01-30,站点A,410.734006859242,351.4732313595825,203.36873510119747,18.543556255592208,8.169669125050381,14.858588774574592,19.437107099127115,6.966501506978069,191.63452645969943,41.065500896376186,19.739777618697627,56.5617368824764,19.958825049501094,3.064238299998698,1.4805599328571495,1.5133373236556757,1.4649360653044239,1.2124053320241983,0.6692055119783732,0.8538668002545677,0.23765613199203095,0.3064105565108102,0.1195314693261108,0.2927466024232565,1.1061532014019733,0.27190135564487894,1.8267140410357845,0.5444014310441593
2024-01-31,站点A,245.45764271853676,207.53019553330336,103.78539041400879,13.093036258869342,5.741670407451094,11.74133173148602,12.612036222688713,4.083387767964865,164.1345687665691,65.07397815837335,16.209365610647993,47.11676341309193,11.980732199467012,4.65683725146441,1.6514463657440734,2.1473018964906045,2.8114368979773223,1.1201326233777305,0.7655483436590926,0.7254284683542047,0.2015674681282121,0.24788541091101862,0.1417470011416323,0.21088038133907672,2.093148690470471,0.20119547977627497,1.597227868147102,0.46218096541459924
2024-02-01,站点A,196.19190860914682,134.4371254003121,70.53201317943346,10.858347924870763,5.452099528404615,9.899262170294438,29.11250351382697,6.904478665351554,96.24410511297657,38.50234965509359,25.96552210299277,84.66093472132347,23.98995734737394,2.4358478825385363,1.281671924126795,1.565403688419942,1.2376455265831976,1.3104881601054856,0.6552690812809643,0.8144757656375692,0.1843564265909561,0.27715159161194725,0.09404398803773566,0.22479501758837941,0.9129545749146253,0.2772926260112981,2.0336547971162884,0.542522447712349
2024-02-02,站点A,200.11280406696727,134.08540488733001,70.59714108736365,9.904731591987892,6.866956284062584,9.426711921785937,26.03701656345148,8.169808717260077,89.14293285156775,26.79827026082963,22.850312851957202,69.95814203014749,18.46887902298058,2.038458134705515,1.0423263296855214,1.3005934590541597,0.921462475070416,0.6763753802329032,0.4142080628812605,0.41547247921151076,0.11153516908748481,0.1870870312924983,0.07690328533121786,0.1519351970347632,0.7481573782019131,0.23431387113585603,1.8647134014747522,0.28522797892266144
2024-02-03,站点A,303.4393919785041,211.52556780556895,150.5739084967725,12.542618335003137,7.93003790453031,15.533465741793352,18.430512460159722,6.432965995047767,182.87675051282116,60.04169647053598,19.18824600788856,46.453937158046834,11.388367167446763,3.7479780201501702,1.7385823188412701,2.043071145284791,2.822712375462508,0.8436054108324469,0.7916978733224135,0.7392183461340824,0.16821171729128784,0.2916262976617917,0.0928596453040876,0.21295494832129896,1.824632972508733,0.27859284776597226,1.7750739951909114,0.462804210233143
2024-02-04,站点A,428.4111771746907,303.99704519035464,176.1533257944503,12.930282933650469,6.8504688829787925,11.675883051357173,19.427296228597307,4.956848610098488,143.90569620049706,47.43080974015516,13.361020255139792,35.1489824098548,11.378640047572393,3.0829221060312366,1.05040990916062,1.6095034936302661,1.877265759976605,0.6831196580121826,0.6426415248844092,0.5368493860072654,0.1623942436502723,0.21617239158225002,0.0964851969217134,0.1830344227602636,1.3221287625978504,0.20005919111232817,1.203101518461092,0.3722000109887913
2024-02-05,站点A,778.6693227332536,563.4698751848607,296.12932315011955,21.555055745957045,11.996680620965098,24.693056153145076,19.741196185948894,8.813459307865022,232.8064085069896,36.927583929275144,11.690147847524312,31.76627189605875,10.373996559519815,2.9758342773448727,1.7032973593916656,1.1014581194024378,1.3275843330797767,0.43732667223210037,0.45062443700227556,0.4781904411465744,0.23376644978746355,0.2524212555246161,0.1407790818543146,0.26219346745804545,0.8888630314039957,0.28179948138864763,1.7391680584917557,0.5052962927241532
2024-02-06,站点A,137.86773785179474,98.08363135334946,57.79513120758321,5.1824140207517715,3.681410102192369,5.339338507105149,15.684730538111621,3.4404877280045207,63.82128109477554,14.887726607742568,8.631673224381531,22.476126577636258,6.771863753086549,1.0320326077497348,0.5224618701375019,0.5614250150420688,0.591022851931049,0.2957520563085461,0.19824649849668494,0.20758809569881578,0.07053117887489009,0.08619931480403208,0.037387165447139506,0.08827285520954332,0.4052884885042718,0.13242252791332565,0.876202925522216,0.16402128896382998
2024-02-07,站点A,141.73335315319508,61.611370033173046,37.933674360604606,10.817733407207227,4.345209170475805,6.013713189619606,20.376532254194725,4.519853530024422,101.78243140356575,41.66526557991249,25.870319548054937,61.92589842442416,18.019993540579794,2.904963671170282,1.1307620817652058,1.5101678447765594,1.5068956885733455,1.192974488379353,0.6880192034888357,0.894154641577303,0.15206445240476207,0.2468605380307507,0.11440070958997926,0.1751321028384374,1.2921892430557897,0.20047779372831637,1.75609835529177,0.426697304856113
2024-02-08,站点A,214.2391742576457,116.57417338582032,79.01210986525253,11.661281455812109,5.284083864977102,10.296578214924514,25.650594969650278,8.256458906591911,90.77241335119315,44.464875934118545,31.690584849477677,85.90300602481123,27.816976374733795,3.3024225937251206,1.4306673818933016,1.8469968288693948,1.613629327008165,1.582130670366082,0.86044459310258,1.2139937690481564,0.17613431505378832,0.32370655495713035,0.1019172969222416,0.28415255524437977,0.9962781005595079,0.27974429225998715,1.8777982371047706,0.5775344721296249
2024-02-09,站点A,335.23961224416865,219.7849865325023,141.34939270769274,17.098699888059997,7.043002800589333,12.440118316890535,17.800187954172237,6.9318089108009335,194.3360317639914,59.258745044575875,20.715133224768273,60.3018561417206,21.22156840393305,4.332197262293523,1.6389446499246585,1.9366340874095276,2.2797688313160624,0.8910891862040881,0.6924354024733431,0.8833155050693345,0.2532892804396805,0.28785927594718735,0.11845505533456901,0.21580338348121952,1.7246798545364566,0.2743024872331133,1.5209521990558466,0.69519108403269
2024-02-10,站点A,211.5853811244965,106.09017364123125,66.43616440746999,13.265542660035365,4.767822168086279,7.44890646768641,17.01086925590743,4.92329851790748,77.82029173033227,46.26435956368756,18.514738014892647,57.66490195221209,17.18113613097496,2.9987654984301084,1.485459475570237,1.1789813669499218,1.6196775833430577,1.456100702475696,0.7158519212646735,0.7132426802709757,0.16020946261519772,0.25236640540945376,0.11598408087375353,0.23198504071286907,1.1280243234620544,0.1436308511518609,1.3733768994734317,0.5148256681458653
2024-02-11,站点A,48.7179300101597,24.065550585778517,16.284174325141105,4.546509414919741,1.9166955318414962,3.7689610613916513,12.63966915206095,2.559837891530524,25.599839307204103,15.195106224607281,10.209312558409207,32.960529287967965,9.668573230000128,0.958117530037654,0.44207895332023006,0.5889972229806842,0.514325057062339,0.4685404641933357,0.2173791988618718,0.28488855404389724,0.06187121093797917,0.09457329779149297,0.03660207956194875,0.08320245519177073,0.4165872562872015,0.11197983115478785,0.87869015402641,0.20107151132290194
2024-02-12,站点A,77.73203595496732,40.99750405989582,19.036125775550033,5.492434352379351,2.881006339355065,4.285480018573636,16.573944806205915,3.5044536150615957,38.50186452127053,27.013735524503847,15.098964648496782,39.84491921109671,9.83304675782331,1.6910751609831465,0.6212459151475983,0.8192438206436609,0.8624543415002341,0.7331689537496635,0.4478367072201088,0.4202885566999303,0.09351313295315851,0.15172586098288415,0.053762419174821795,0.10376799669741231,0.6413302793161426,0.11631651438639402,1.2925351336643052,0.24537896750014954
2024-02-13,站点A,311.63179792969106,273.5739272782127,125.88223195621062,16.866551734918666,10.47591621276021,15.43964100428221,23.521237964182827,8.06921912035867,221.58283070837066,153.70483208247134,21.268056810866263,55.70589723491546,24.655730741273565,7.641537283860882,2.830750234713822,3.2914105657263235,4.947044166661829,1.4332758487743993,1.5416421148382893,0.777385108270382,0.24195412398614163,0.36008479971382384,0.1604130557206791,0.28847197350318865,3.1060554146113923,0.3712733757656338,2.0991099956686674,0.7211673378461763
2024-02-14,站点A,351.4524638087379,243.40849697289042,154.067091748548,14.36714900810953,7.731033058977104,13.905070991377325,28.017082132585884,7.563442969695139,143.36817323827654,30.995437926781513,15.341051615824082,50.790349514565854,13.791142614233518,2.542705751941466,1.1352628776857114,1.111760845124631,1.2639647921854629,0.4210805337716018,0.41161573178110145,0.4529211648698635,0.17685215097013696,0.2230336282917074,0.09462164984694095,0.1899926586373548,0.6708919316348221,0.2834479382247044,2.1011465544501355,0.4147871175582774
2024-02-15,站点A,205.31728458775768,97.29514258669877,48.902195282096365,15.474560296805635,6.352356362330479,9.258849441484951,42.44703545718863,9.328267923564196,87.76370831679617,28.52344261559732,43.80972845603642,120.83620189103448,28.912930863464414,2.4824358987037454,1.3359940048974934,1.744101920798407,1.1191840259940367,1.3263557664435899,0.7973780967848499,1.0894761725047835,0.18896283927451482,0.2948460341848282,0.14077514711556044,0.28192191539008876,1.0543046083406988,0.35175282841395505,2.6500654190805863,0.6053094192287821
2024-02-16,站点A,223.4218132330374,127.46617872304583,61.346169398451735,12.308182813131927,6.821409231050408,11.520192956053679,28.99127004015273,8.067982851962704,118.40403738644505,63.6221487211799,29.797780315753425,91.30518644403472,25.899081655508727,3.494444108937646,1.417332915430608,1.8012556499818038,1.9955539570718186,1.252527973057287,0.744215374585336,0.8735573770905903,0.18338889977707565,0.2854611755048645,0.11221216773398814,0.25626975564905313,1.530517781796385,0.2282518786008213,1.546926183777439,0.5046056610578212
2024-02-17,站点A,163.03334071861923,105.88645962570817,82.8583913085386,8.204028547417488,4.911093466237922,6.764420585080514,16.258351039928566,4.593857022867108,83.26987621491284,29.878328591273988,10.295862294351782,28.68994049088668,10.677051431680722,1.6639089278659989,0.7192584274322014,1.0540885626736032,1.3295009694849336,0.34090343167100146,0.4123558832842678,0.27508092383998956,0.08894557911855519,0.1283760284465301,0.06393919739190265,0.09618114750171243,0.8706457251505628,0.17936030647534415,1.183547411735615,0.22770170646284096
2024-02-18,站点A,709.8873559053586,435.861505878937,172.77973882285977,25.45107711809959,11.08512655554604,16.56856789566229,38.45849309830446,11.308198072986263,224.52466770596584,60.82223695804732,44.53473960150519,125.26722696909965,32.98749291260046,4.717019048556512,2.72557874220435,2.464505707987311,1.9832237400203292,1.5259620181821958,0.7332821789274255,1.3310483065634084,0.35563757294784826,0.37658109643378723,0.20466322094529335,0.4150706154130579,1.8219870622352572,0.4268457884241895,3.1181252967023667,0.9243492964213559
2024-02-19,站点A,72.90415862327808,31.571162660989255,16.634389206230882,5.37368916819,2.9381296240520367,3.561300242455671,17.623643545047546,5.095641664883873,34.92946242763936,13.902596586963812,16.889306403246632,54.2165698402388,14.231241729770224,1.205102792073938,0.6703155619484692,0.7799014712559267,0.43378944112624057,0.7105710389473551,0.2879798470043201,0.401424191724837,0.08551181533874753,0.13180102215701933,0.0637620890105855,0.13815849563359436,0.44547920574706873,0.14567199622283633,1.1255063363299687,0.27654051338821745
2024-02-20,站点A,106.553843771013,65.9742750887749,36.997839959206715,7.160467923713072,2.611764987584698,5.0779701599161235,13.524402544679692,3.3202011026170566,50.17802970496214,19.56492023053277,10.919780811070916,38.962004132477354,8.910948075918359,1.5706844607655852,0.6696595635065519,0.8100610472310656,0.7932738813915329,0.5865911004460648,0.39909803705034974,0.4036455836707456,0.09250891009398667,0.1520362225065386,0.051812939969398085,0.12173297493034149,0.6338861009730611,0.13478810931478546,0.8681228102287658,0.21735255172860732
2024-02-21,站点A,296.47818322871825,163.48035094140675,104.83320011899998,17.826767858895213,9.757152751777596,11.853284695806499,44.41845082331783,9.948056699608816,121.84259304927572,38.858071484994305,41.50453221389206,109.79459691306954,28.82302823663032,3.1377070074476467,1.710532543203504,2.0162805293757904,1.1354331252101575,1.812890472696435,0.927571412112826,1.3810902084177348,0.23187848845407433,0.38244956422348075,0.1459178667645472,0.3456049674690834,1.102694326704485,0.35301788857927363,3.3892594262933,0.6813905047855978
2024-02-22,站点A,120.2876862709829,81.52305267769476,46.080815586007716,10.798353599606,5.549280249058841,6.349944896490184,21.446034696722226,5.489334829892818,98.19455624389991,46.39714928673044,24.072683273505593,57.57912751755952,15.827885829810542,2.802506248412616,1.3953851174886782,1.986528423961179,1.8443190614818814,1.0630826230642716,0.5694867847176488,0.7263640794729957,0.13850435380456466,0.2537769862278092,0.09516206838457655,0.2217044699466916,1.1366444640770283,0.21914299017612332,1.6538075940366863,0.44215867358771316
2024-02-23,站点A,97.50623888262153,30.76844265270957,17.082326594683146,8.719332011606173,5.103664633071676,6.719292025066316,31.394748744899882,6.798800421249993,58.29232957473381,26.27323404046761,34.55733647553447,106.1616772149854,22.798998220131438,1.958704397568928,1.1595442449672617,1.3042898915568817,0.7671168721042979,1.2705060623971616,0.5968263953502072,0.8065954481767009,0.13718574694271904,0.24169526090571494,0.08066994859544604,0.25469749986135953,0.6827591384710712,0.28859661300026457,2.2041500993103202,0.4817652354201056
2024-02-24,站点A,299.65232256643344,211.04067062194252,137.11542043979955,14.353277279353009,6.4509463390974275,13.598765676253711,16.935615651392276,4.856957614252406,138.57363801573925,61.11727974613243,16.06870451915868,43.38272871326468,13.76677586965088,3.558866989767613,1.673450447835867,1.8736845523968293,1.9682374597310752,1.2978236439812927,0.8797825844776085,0.7810063137047457,0.21398325700492046,0.26813638131266493,0.13881225546122083,0.23990194172319626,1.4186262797333267,0.2134824749477377,1.7683160116788772,0.585548135882049
2024-02-25,站点A,436.0234952586628,255.06396929790444,148.9748231483954,16.44658436310419,8.227488234599894,15.81935117000452,18.55765534485643,7.601434923531657,163.86217529263627,52.71768412968712,22.06727939923958,54.45771197160416,17.580920310040806,3.799198930098136,1.3242281354915484,1.5333604664809697,1.7707974843095071,1.347494237140314,0.7583887834087866,0.8395083908495283,0.19881562478845874,0.2776999259546183,0.13657388765433948,0.3003141499730326,1.4415783516302105,0.25302185938060756,1.6187635908327724,0.5411735736767049
2024-02-26,站点A,178.89329319546738,121.90110856476666,62.24927965220981,9.032599735892019,5.278791274942627,7.630396101530966,22.734041002917873,4.851857707529921,105.5924548692687,47.00729601727299,15.504810353121972,49.547826113602675,12.487421139155613,3.4574047651074906,1.079786989510668,1.5298541598268378,1.8567692741673147,0.5657860158476955,0.5679298773490101,0.36013797680143333,0.10019944594772193,0.17280089091425985,0.06467109232259413,0.09212136029142441,1.2318661739448877,0.21392780868444472,1.6559103077492463,0.28927253393438895
2024-02-27,站点A,234.40306486559982,113.57609878131944,57.35656067394609,12.559011031415121,4.889146317361459,11.298244158363053,25.716328319018942,6.929223243484229,89.7053226076726,39.275142769566486,31.43584105507523,103.03524929195567,27.41300058642687,2.9736392091572794,1.6871893007669427,1.6868402458077905,1.5035226758844182,1.646976378341842,0.7952525805062516,1.2018662079325972,0.2098492789292862,0.32401502979211483,0.12632567805452175,0.29210156592807374,1.3261412469664169,0.2688388748274143,2.242113153681677,0.6762096343163009
2024-02-28,站点A,158.91642840906607,92.71183783654267,54.446924176859824,7.4479718537161705,3.7164267554985404,6.765437804632502,10.872680068683088,3.5290011138613626,66.71929821094542,22.36194390470819,11.163342085879288,35.982611557754964,8.118947024945834,1.5736352434922865,0.9397782801231082,0.8540793262392656,1.2002951932822437,0.7057628841326635,0.37897736473666344,0.45559461002110263,0.09842466920224593,0.1810233249307988,0.06213086656313841,0.11619827114838925,0.720243746914767,0.11672488857806043,0.7907500203260264,0.2835810452759005
2024-02-29,站点A,202.20274073127973,140.2979596578976,76.26802933271456,9.709696716487926,9.13775224810056,10.819583824036593,44.95765623173621,11.003267267783592,147.31721800926073,72.57902516283663,30.77154632237179,101.0243762850316,22.466401119172147,4.29831067659687,1.578084547024647,2.1270270718786395,2.5936443997866236,0.7856091277377486,0.8026683670532475,0.6193637799505942,0.19269137645909218,0.222930409472692,0.08857411471120866,0.1613411906946481,1.825120198819458,0.3458379338915943,2.9430116614748796,0.3864148176025262
2024-03-01,站点A,214.60131510252265,103.92103767019961,47.83119754822709,21.339551394962946,8.268839276603096,14.173298722012357,35.8112627910821,11.850301600374252,159.33529247625495,82.40013091685425,54.44438216248357,143.5592817198278,34.01324327484222,5.476175490604842,2.8068793937444076,2.756164975951095,3.4712251766092437,3.0507023606492347,1.4856064519419352,1.552928849567664,0.27855075200168683,0.5239081914847742,0.1659827998868802,0.39710328181653687,2.4785471072164884,0.4102701321589408,3.1880144636530137,0.9170240387677979
2024-03-02,站点A,189.98150007922388,106.27416964983553,54.64995060455955,12.796958363998181,5.762316157353608,11.816827077387781,23.382365887535332,7.473654698506601,117.79584582861425,57.471122639208886,34.12391144242112,100.8766075070272,23.51484549388016,3.7322779882698036,1.6557302137844658,2.334311230119717,2.315186186542666,1.4651831920650364,1.0178738433953487,0.9731244491474405,0.2200684229888786,0.2685216228994958,0.13631041843509634,0.2505929665333298,1.2685896161762373,0.24642018073409916,2.3153544795433305,0.6665831809894213
2024-03-03,站点A,162.67905944880354,76.97068188301648,49.42422916560154,8.07122384692795,2.729266600593649,6.703371690161291,12.16183804200192,3.3368436778614203,60.3304465874551,21.819114446895114,13.202782190321896,36.23631203454931,10.810861296629207,1.5493179233140255,0.8777395826324988,0.8077102553976793,0.7990344328808027,0.5845380352746907,0.3780879031664723,0.4953051134022605,0.0998289359247488,0.14720983424873063,0.06441719755105155,0.10924695775802573,0.5280932735736855,0.1260994396706755,1.030919742676221,0.3259556153119718
2024-03-04,站点A,403.4246717590283,253.22273075420895,166.75133288657676,22.90928438139855,11.299407674448275,18.58523690220192,39.28755523044714,11.652998540990138,169.50448377886337,61.92029217423456,41.260430644766345,133.80169781738417,35.9033338052761,4.54899954481592,2.0592988665365874,2.6395193330726547,2.3051533506642397,1.5321793422609256,0.9148508945376591,1.2980218163968409,0.2810562713147034,0.3835281735247013,0.1748888964636598,0.32425861034976794,1.7259676668367736,0.46177152887170037,2.7837698507871003,0.8936666234426754
2024-03-05,站点A,191.9479833711157,98.54072393112227,44.05803829904208,12.970871159390802,8.36206755487617,9.742180849332506,42.56346977140368,10.310540804635682,117.10779769494187,61.35103311025441,38.70448909517851,80.08319481068274,24.81784345069181,3.876575618282503,1.724954892519124,2.519160602854306,2.397081110575593,1.4477015471721704,0.7251566704195552,0.9971325703940921,0.1776538635988704,0.33279901151151503,0.12159189259012051,0.24522356569180892,1.7110832801680134,0.3597459792523476,3.5582843246217326,0.6269720789683932
2024-03-06,站点A,378.04131961596727,200.25168208370238,154.83442273871006,17.63317084909222,7.114905441858627,14.485070583568698,29.64303594906674,8.877991540467148,97.57825536286423,28.070509828378846,28.271959659550166,92.5564383514997,24.587533544990578,1.6530200204072025,1.5673448388567843,1.3168949925724867,0.9245953611124416,1.3971956568362365,0.5404610108056579,1.1442024670213071,0.24451345854073078,0.33063854808751025,0.12897932455465363,0.2907308559678675,0.6537636215999614,0.2700061755048991,2.0941801623331124,0.6635626198770548
2024-03-07,站点A,195.691720488837,130.1342123158796,56.77948163195429,12.297298416434947,4.945013180133121,9.999556140443278,11.89238412280837,5.87483818709305,124.23852239068056,59.16743265094043,21.694000023496173,51.54142038623922,17.537640954609213,3.4327699012114374,1.3393480071778605,1.4271859558902373,2.089179556782185,1.2306519313672164,0.9382294794772607,0.7960042821376231,0.19773988102402995,0.27731136460524075,0.09117936679621397,0.20155033855768067,1.4863322813978648,0.2271553997582395,1.3840493240334661,0.4473431314365821
2024-03-08,站点A,81.60995067433582,73.08293169343972,37.40980951880533,5.4570494916781165,2.0897589243848556,3.74443462432459,6.3702532083605625,2.0530366410434744,47.907576295874925,17.627798280847458,7.769065632162192,19.978961985723934,6.128448751341461,1.0491232651040274,0.5851472989642891,0.543075266320461,0.7326046133044765,0.3009305803703852,0.19631759200625729,0.28182946211512433,0.05982016847749645,0.09810485089818868,0.038913093985010375,0.08262362360581947,0.453932550707898,0.07498769183980446,0.6702517211557657,0.15708748776033551
2024-03-09,站点A,350.5646548178985,237.67953417498052,172.9541283957761,19.1367565213734,10.359403884035595,15.295001301889554,28.0715942880495,8.270171756919561,156.32162198865086,42.22293134831691,29.776336431588952,65.1164225174852,23.57313143642669,3.5435036170386236,1.6011482896934646,1.577956579777996,1.3009102376130823,1.1418829188001973,0.6213707149063565,0.9249461045510465,0.26036413965446015,0.2870510371707015,0.1340957291697515,0.2991935038224687,1.0335570798919613,0.3283133484683522,2.510872379847339,0.5085699964238707
2024-03-10,站点A,179.09697085669617,67.3521776557177,35.5895831267857,14.33069262837465,6.814900076889119,7.925135046563275,40.47207126289891,9.025366085305372,72.20282309955182,32.56712526873368,48.33592980417062,122.64264345257921,32.72822260935079,2.56503440552339,1.512195527046999,1.9685770750983431,0.9822778785382142,1.98496267571003,0.7956869672171756,1.2244501732996513,0.22060291995334133,0.31883641249760347,0.15871076687309982,0.3010781031419169,0.8209735332831353,0.30350261350868873,3.1564829089682718,0.5966124658552837
2024-03-11,站点A,113.6679370397137,65.64844374927891,38.136709481614616,6.838870542478528,4.287722495188952,6.193533618235543,20.115169836505917,5.488514645657796,75.1981740542083,37.05070646550286,19.19055405764665,47.937890791121546,14.374832109274998,2.593719121203604,1.0325605631804298,1.2490311175950048,1.326193371669496,0.6825921466213786,0.529636922929914,0.4441122122375006,0.10622849228773308,0.19244453528609787,0.0668172572494879,0.13204162396997285,1.0303416448996938,0.16367256712029918,1.4272303175837389,0.2926967756917357
2024-03-12,站点A,342.97127579465274,154.13097406247576,102.46138870989576,21.898299413872692,7.746449625991412,14.944977764411732,29.98024651387401,8.411567687916415,97.87985450561683,53.41062569853028,43.98967646949285,108.04850494946662,33.78158320061611,3.989202448888799,1.8988825344206226,2.397446486366612,1.4477015546233034,2.368122313315537,1.152781867175361,1.8664422152271916,0.29793796877663903,0.5387877669895228,0.20665216961146574,0.4233870998027151,1.4191388534097569,0.3110308604302256,2.928744506505282,0.7904043120436367
2024-03-13,站点A,55.52111989996424,35.40450345861816,15.548773938344564,5.670952032059981,4.249538503834204,4.4748738306688445,27.25121476590798,6.741715408576137,56.81682969682546,27.05357822567177,24.780034875657424,45.653398287287494,14.73696221282792,1.5018991453566564,0.7797767883100083,1.3124512691178365,1.3381697232506473,0.6110542788787329,0.48777977865913974,0.37460206249811967,0.08252904564312058,0.14339270016492559,0.06121055983535263,0.09809118572076059,0.8009803729512478,0.24358273047265983,1.6014360508773953,0.22197092131445298
2024-03-14,站点A,153.20846087039058,101.69669737617917,49.60022283373594,18.85095991967547,9.096148110149468,13.337689006193616,48.31120466467196,12.830195390273849,165.1915245545054,113.41394943792197,55.38381708984506,114.10543695586193,32.43700825857832,6.759321124794909,2.6965088328150473,4.57278573092914,4.749805997431003,1.9210079371610171,1.474562924105268,0.8277556771220607,0.2818423264224009,0.40569245623257033,0.16871320387924812,0.29126911522143295,2.746431681975132,0.4519013139155536,3.554728033714173,0.6712601115525638
2024-03-15,站点A,210.0202307723088,129.44566623303697,69.53190524905659,10.129597551515944,7.688954383982504,6.556689592204011,30.292979429102992,7.108736997223782,93.08824498662078,33.588572560261525,17.969542864285685,56.065628559964,15.062504033190306,2.784479347839376,1.1472979257422138,1.756779655822573,1.698398789914984,0.7458938366220337,0.5753941739702433,0.41292814595212424,0.12864961402822145,0.1994712485200059,0.07562011947859018,0.1267304814375923,1.2840102473163018,0.2506549844651343,1.9214415405034255,0.4037402650878361
2024-03-16,站点A,204.9442062785421,133.01939623409075,82.26871871194997,15.655747645140295,10.592994881539592,15.36778171234396,41.45854734012625,9.522862023945391,124.87868854538264,57.13864758240627,45.47648869694755,115.08128090123904,33.497151547083135,4.478465702673864,1.885934975759862,2.051795738141633,2.2321135691779737,1.5006244462334304,0.7951306615197259,0.9790723927880496,0.22483454709397502,0.34958915912462935,0.128100140825207,0.286565368414756,1.8492313270389436,0.4444766682164175,3.541606960801638,0.700134315434399
2024-03-17,站点A,278.5982702643864,136.5773251663178,110.48443218228958,16.707861038806325,9.936841024950311,14.420676242973732,42.11420346463114,11.05384059645495,125.62735025734722,39.379854854940355,43.425758026900155,94.58134757837543,27.890556251859994,3.4625740596449464,1.4803103297640539,2.041882401822312,1.3783639715432345,1.3032765592143147,0.7145373943532846,0.9409156847954637,0.205392297922555,0.29324016869264374,0.15152216843149818,0.2691061470281536,1.2673821435086539,0.4022090844392827,3.078359980337415,0.525953069312435
2024-03-18,站点A,190.33675350108481,165.73569600664027,88.45027074692655,12.034254966858603,8.65696532638024,10.432002360171511,26.444918092025976,8.48574401645334,175.10106786671162,111.18619255051755,25.189543321577,57.81673717027391,22.347968318587306,6.742047243203406,2.498054566094386,3.2195873522568292,4.446046431928834,0.9870841577168388,1.298774233528693,0.5377619001525303,0.17428220066659827,0.24203326610323156,0.09677959417389678,0.16825292580990256,2.8900925752782674,0.3396959356184537,2.2492162168978345,0.5460870773664617
2024-03-19,站点A,296.2852655485882,193.22363425565607,119.15310023339964,10.846387773760277,8.068432260841426,11.638938898389732,34.716441802734714,7.25124694663289,113.66796190659792,30.084603914106623,28.75299775865707,90.55631333000547,21.466214016665162,2.3581896759749927,1.2049999787614531,1.261623291942547,0.9915655139342903,1.1364531495087964,0.6071094940673981,0.7842733831414873,0.13711981293706915,0.2583987729576129,0.1170775874576071,0.2710384742233592,0.8123322143383774,0.3086598649123912,2.222309719057036,0.48510236036516474
2024-03-20,站点A,157.33475257099624,96.45935185866988,49.204096952351485,14.540152875212355,6.793279959471467,8.967123806201544,24.69623968621191,7.199567175967571,135.23564320137066,94.11459320167614,27.959825837681944,77.50025470366484,22.78036124440007,5.0602835965786515,2.084698506156027,3.042654096583306,3.1458780432760873,1.6014989955826968,1.3012121919188286,0.9395180455659808,0.19585851672828022,0.28467112062687394,0.16656783846915335,0.2863750841510288,2.2835415702503896,0.27465739050237753,2.3835535837670716,0.7357387108774196
